"species","converged","n_checklists","n_positive","pct_positive","deviance_explained","n_smooths","max_edf","status","error_message","timestamp"
"Australian Magpie",TRUE,19225,7998,41.6,0.2999,24,8.55,"ok",NA,"2026-06-03 10:55:10"
"Rainbow Lorikeet",TRUE,19206,7989,41.6,0.3908,24,8.36,"ok",NA,"2026-06-03 10:57:13"
"Magpie-lark",TRUE,19372,4753,24.5,0.3875,24,8.47,"ok",NA,"2026-06-03 10:58:50"
"Noisy Miner",TRUE,19202,6940,36.1,NA,24,8.48,"ok",NA,"2026-06-03 11:00:36"
"Welcome Swallow",TRUE,19249,4811,25,0.2778,24,8.43,"ok",NA,"2026-06-03 11:03:02"
"Australian Raven",TRUE,19278,7287,37.8,0.3185,24,8.12,"ok",NA,"2026-06-03 11:04:54"
"Superb Fairywren",TRUE,19099,6952,36.4,NA,24,8.65,"ok",NA,"2026-06-03 11:06:51"
"Willie-wagtail",TRUE,19386,4226,21.8,0.4114,24,7.71,"ok",NA,"2026-06-03 11:08:34"
"Laughing Kookaburra",TRUE,19396,7608,39.2,NA,24,7.18,"ok",NA,"2026-06-03 11:10:48"
"Pied Currawong",TRUE,19345,7542,39,0.2507,24,8.17,"ok",NA,"2026-06-03 11:12:27"
"Sulphur-crested Cockatoo",TRUE,19325,6740,34.9,0.3824,24,8.18,"ok",NA,"2026-06-03 11:14:30"
"Gray Fantail",TRUE,19300,7196,37.3,0.3271,24,8.32,"ok",NA,"2026-06-03 11:16:30"
"Galah",TRUE,19492,3309,17,0.4126,24,8,"ok",NA,"2026-06-03 11:18:17"
"Gray Butcherbird",TRUE,19461,5114,26.3,0.2891,24,8.32,"ok",NA,"2026-06-03 11:20:01"
"Crested Pigeon",TRUE,19563,2480,12.7,0.3816,24,7.32,"ok",NA,"2026-06-03 11:21:41"
"Red Wattlebird",TRUE,19493,4318,22.2,0.3789,24,7.12,"ok",NA,"2026-06-03 11:23:15"
"Lewin's Honeyeater",TRUE,19434,5225,26.9,0.5559,24,8.82,"ok",NA,"2026-06-03 11:24:57"
"Eastern Yellow Robin",TRUE,19441,5849,30.1,0.3947,24,8.95,"ok",NA,"2026-06-03 11:27:02"
"Eastern Whipbird",TRUE,19422,5447,28,0.42,24,7.81,"ok",NA,"2026-06-03 11:29:40"
"Crimson Rosella",TRUE,19547,4077,20.9,0.4955,24,8.48,"ok",NA,"2026-06-03 11:32:02"
"Black-faced Cuckooshrike",TRUE,19491,3624,18.6,0.2552,24,6.89,"ok",NA,"2026-06-03 11:34:15"
"Yellow-faced Honeyeater",TRUE,19333,4998,25.9,NA,24,7.82,"ok",NA,"2026-06-03 11:36:38"
"Brown Thornbill",TRUE,19406,5045,26,0.333,24,8.2,"ok",NA,"2026-06-03 11:38:38"
"Little Wattlebird",TRUE,19462,4160,21.4,0.4756,24,8.47,"ok",NA,"2026-06-03 11:41:04"
"Silvereye",TRUE,19308,4367,22.6,0.2465,24,8.18,"ok",NA,"2026-06-03 11:43:29"
"Eastern Rosella",TRUE,19533,2630,13.5,0.4309,24,7.53,"ok",NA,"2026-06-03 11:45:29"
"Eastern Spinebill",TRUE,19473,4393,22.6,0.3863,24,7.64,"ok",NA,"2026-06-03 11:47:26"
"Gray Shrikethrush",TRUE,19486,3548,18.2,0.3986,24,7.89,"ok",NA,"2026-06-03 11:49:06"
"White-browed Scrubwren",TRUE,19392,5159,26.6,0.3513,24,7.65,"ok",NA,"2026-06-03 11:50:39"
"Golden Whistler",TRUE,19534,4269,21.9,NA,24,7.96,"ok",NA,"2026-06-03 11:52:17"
"White-throated Treecreeper",TRUE,19549,3818,19.5,0.4667,24,8.93,"ok",NA,"2026-06-03 11:53:54"
"Spotted Dove",TRUE,19588,2300,11.7,0.5061,24,8.43,"ok",NA,"2026-06-03 11:55:30"
"Spotted Pardalote",TRUE,19491,4474,23,NA,24,7.71,"ok",NA,"2026-06-03 11:57:10"
"Little Corella",TRUE,19621,1433,7.3,0.371,24,7.18,"ok",NA,"2026-06-03 11:58:51"
"Australian King-Parrot",TRUE,19622,2654,13.5,0.2941,24,7.51,"ok",NA,"2026-06-03 12:00:55"
"Satin Bowerbird",TRUE,19634,2080,10.6,0.4236,24,7.54,"ok",NA,"2026-06-03 12:03:03"
"Rufous Whistler",TRUE,19567,2250,11.5,0.5297,24,7.99,"ok",NA,"2026-06-03 12:05:01"
"Noisy Friarbird",TRUE,19540,2357,12.1,0.4425,24,8.21,"ok",NA,"2026-06-03 12:06:50"
"Yellow Thornbill",TRUE,19539,2166,11.1,NA,24,8.03,"ok",NA,"2026-06-03 12:08:26"
"Rock Pigeon",TRUE,19586,857,4.4,0.6968,24,7.46,"ok",NA,"2026-06-03 12:09:50"
"Pied Butcherbird",TRUE,19638,1005,5.1,0.5135,24,6.92,"ok",NA,"2026-06-03 10:55:05"
"Australasian Figbird",TRUE,19660,1044,5.3,0.5379,24,7.18,"ok",NA,"2026-06-03 10:57:01"
"White-plumed Honeyeater",TRUE,19597,1184,6,0.8052,24,8.26,"ok",NA,"2026-06-03 10:58:51"
"New Holland Honeyeater",TRUE,19534,2371,12.1,0.7288,24,7.86,"ok",NA,"2026-06-03 11:00:28"
"Olive-backed Oriole",TRUE,19597,1993,10.2,0.3465,24,7.09,"ok",NA,"2026-06-03 11:02:46"
"Sacred Kingfisher",TRUE,19609,1797,9.2,0.4494,24,7.54,"ok",NA,"2026-06-03 11:04:37"
"Yellow-tailed Black-Cockatoo",TRUE,19628,1612,8.2,0.2587,24,6.75,"ok",NA,"2026-06-03 11:06:24"
"Red-rumped Parrot",TRUE,19649,637,3.2,0.7059,24,7.41,"ok",NA,"2026-06-03 11:08:16"
"Pacific Koel",TRUE,19668,1266,6.4,0.4855,24,6.05,"ok",NA,"2026-06-03 11:10:44"
"Striated Pardalote",TRUE,19626,1365,7,0.5145,24,7.51,"ok",NA,"2026-06-03 11:12:31"
"Torresian Crow",TRUE,19671,729,3.7,0.7762,24,6.89,"ok",NA,"2026-06-03 11:14:43"
"Brown Gerygone",TRUE,19578,2503,12.8,0.5422,24,7.73,"ok",NA,"2026-06-03 11:16:46"
"Bar-shouldered Dove",TRUE,19651,1116,5.7,0.5343,24,8.35,"ok",NA,"2026-06-03 11:18:29"
"Eurasian Blackbird",TRUE,19670,819,4.2,0.5677,24,8.73,"ok",NA,"2026-06-03 11:20:11"
"House Sparrow",TRUE,19681,762,3.9,0.6495,24,7.08,"ok",NA,"2026-06-03 11:21:44"
"Striated Thornbill",TRUE,19586,1806,9.2,0.3857,24,7.19,"ok",NA,"2026-06-03 11:23:10"
"Australian Reed Warbler",TRUE,19626,574,2.9,0.786,24,8.52,"ok",NA,"2026-06-03 11:24:47"
"Fan-tailed Cuckoo",TRUE,19622,1803,9.2,0.2811,24,7.3,"ok",NA,"2026-06-03 11:26:36"
"Variegated Fairywren",TRUE,19561,2265,11.6,0.3756,24,7.15,"ok",NA,"2026-06-03 11:29:09"
"Yellow-rumped Thornbill",TRUE,19649,632,3.2,NA,24,6.34,"ok",NA,"2026-06-03 11:31:34"
"White-bellied Sea-Eagle",TRUE,19660,1245,6.3,0.3875,24,8.47,"ok",NA,"2026-06-03 11:34:11"
"Red-whiskered Bulbul",TRUE,19640,1688,8.6,0.6504,24,7.81,"ok",NA,"2026-06-03 11:36:36"
"Scarlet Myzomela",TRUE,19617,1504,7.7,0.3773,24,6.07,"ok",NA,"2026-06-03 11:38:37"
"Nankeen Kestrel",TRUE,19670,488,2.5,0.3407,24,7.97,"ok",NA,"2026-06-03 11:41:07"
"Whistling Kite",TRUE,19646,728,3.7,0.5585,24,7.29,"ok",NA,"2026-06-03 11:43:31"
"Blue-faced Honeyeater",TRUE,19674,542,2.8,0.6054,24,7.25,"ok",NA,"2026-06-03 11:45:32"
"Mistletoebird",TRUE,19638,936,4.8,0.373,24,7.25,"ok",NA,"2026-06-03 11:47:25"
"Australian Brushturkey",TRUE,19660,2070,10.5,0.5518,24,8.9,"ok",NA,"2026-06-03 11:49:06"
"Dollarbird",TRUE,19662,963,4.9,0.5133,24,7.16,"ok",NA,"2026-06-03 11:50:37"
"Bell Miner",TRUE,19353,1463,7.6,0.6377,24,7.67,"ok",NA,"2026-06-03 11:52:09"
"Brown Cuckoo-Dove",TRUE,19684,1098,5.6,0.5486,24,7.57,"ok",NA,"2026-06-03 11:53:40"
"Musk Lorikeet",TRUE,19644,1059,5.4,0.4732,24,7.12,"ok",NA,"2026-06-03 11:55:11"
"Wonga Pigeon",TRUE,19670,823,4.2,0.4629,24,7.93,"ok",NA,"2026-06-03 11:56:48"
"Brown Honeyeater",TRUE,19666,587,3,0.7518,24,7.32,"ok",NA,"2026-06-03 11:58:29"
"White-cheeked Honeyeater",TRUE,19601,1478,7.5,0.6056,24,7.84,"ok",NA,"2026-06-03 12:00:35"
"Little Raven",TRUE,19675,332,1.7,0.773,24,6.86,"ok",NA,"2026-06-03 12:02:40"
"Golden-headed Cisticola",TRUE,19671,304,1.5,0.6742,24,7.49,"ok",NA,"2026-06-03 12:04:51"
"White-winged Chough",TRUE,19648,832,4.2,0.671,24,7.54,"ok",NA,"2026-06-03 12:06:44"
"Black-shouldered Kite",TRUE,19669,348,1.8,0.3301,24,5.32,"ok",NA,"2026-06-03 12:08:20"
"Tree Martin",TRUE,19665,446,2.3,0.4461,24,7.48,"ok",NA,"2026-06-03 10:55:14"
"Scaly-breasted Lorikeet",TRUE,19668,710,3.6,0.6285,24,7.3,"ok",NA,"2026-06-03 10:57:26"
"Channel-billed Cuckoo",TRUE,19679,886,4.5,0.5053,24,6.11,"ok",NA,"2026-06-03 10:59:13"
"Superb Lyrebird",TRUE,19674,1211,6.2,0.6478,24,7.64,"ok",NA,"2026-06-03 11:00:59"
"Fairy Martin",TRUE,19668,336,1.7,0.6473,24,7.6,"ok",NA,"2026-06-03 11:03:33"
"Peaceful Dove",TRUE,19661,671,3.4,0.6933,24,7.32,"ok",NA,"2026-06-03 11:05:23"
"White-headed Pigeon",TRUE,19688,400,2,0.5339,24,8.61,"ok",NA,"2026-06-03 11:07:20"
"Spiny-cheeked Honeyeater",TRUE,19676,398,2,0.8383,24,3.98,"ok",NA,"2026-06-03 11:09:28"
"White-breasted Woodswallow",TRUE,19637,408,2.1,0.7079,24,7.25,"ok",NA,"2026-06-03 11:11:46"
"White-eared Honeyeater",TRUE,19665,803,4.1,0.6216,24,7.4,"ok",NA,"2026-06-03 11:13:39"
"White-naped Honeyeater",TRUE,19637,936,4.8,0.5315,24,8.31,"ok",NA,"2026-06-03 11:15:52"
"White-throated Gerygone",TRUE,19667,602,3.1,0.5631,24,7.02,"ok",NA,"2026-06-03 11:17:38"
"Australian Rufous Fantail",TRUE,19665,991,5,0.5442,24,7.06,"ok",NA,"2026-06-03 11:19:20"
"Weebill",TRUE,19635,826,4.2,NA,24,7.17,"ok",NA,"2026-06-03 11:21:04"
"Common Bronzewing",TRUE,19672,611,3.1,0.5717,24,7.09,"ok",NA,"2026-06-03 11:22:34"
"Rainbow Bee-eater",TRUE,19664,563,2.9,0.7462,24,6.9,"ok",NA,"2026-06-03 11:24:20"
"Osprey",TRUE,19692,503,2.6,0.5456,24,5.27,"ok",NA,"2026-06-03 11:26:00"
"Black-faced Monarch",TRUE,19675,825,4.2,0.6774,24,7.07,"ok",NA,"2026-06-03 11:28:47"
"Australian Pipit",TRUE,19656,366,1.9,0.6249,24,6.36,"ok",NA,"2026-06-03 11:31:20"
"Wedge-tailed Eagle",TRUE,19682,434,2.2,0.3358,24,4.84,"ok",NA,"2026-06-03 11:33:48"
"Dusky Woodswallow",TRUE,19656,624,3.2,0.6503,24,6.78,"ok",NA,"2026-06-03 11:36:07"
"Jacky-winter",TRUE,19667,399,2,0.6472,24,6.6,"ok",NA,"2026-06-03 11:38:18"
"Shining Bronze-Cuckoo",TRUE,19670,610,3.1,0.3491,24,6.27,"ok",NA,"2026-06-03 11:40:33"
"Brown Goshawk",TRUE,19684,552,2.8,0.1924,24,5.36,"ok",NA,"2026-06-03 11:43:08"
"Swamp Harrier",TRUE,19683,386,2,0.4647,24,6.16,"ok",NA,"2026-06-03 11:45:16"
"Green Catbird",TRUE,19681,604,3.1,0.6611,24,7.52,"ok",NA,"2026-06-03 11:47:23"
"Tawny Frogmouth",TRUE,19696,242,1.2,0.3145,24,6.22,"ok",NA,"2026-06-03 11:49:04"
"Double-barred Finch",TRUE,19685,413,2.1,0.7471,24,7.25,"ok",NA,"2026-06-03 11:50:44"
"Striped Honeyeater",TRUE,19678,261,1.3,0.6457,24,4.23,"ok",NA,"2026-06-03 11:52:30"
"Leaden Flycatcher",TRUE,19679,643,3.3,0.4846,24,7.17,"ok",NA,"2026-06-03 11:54:05"
"Little Grassbird",TRUE,19671,225,1.1,0.6804,24,3.63,"ok",NA,"2026-06-03 11:55:52"
"Long-billed Corella",TRUE,19680,222,1.1,0.5827,24,6.06,"ok",NA,"2026-06-03 11:57:45"
"Large-billed Scrubwren",TRUE,19668,789,4,0.6736,24,6.98,"ok",NA,"2026-06-03 11:59:25"
"Restless Flycatcher",TRUE,19680,276,1.4,0.5435,24,5.47,"ok",NA,"2026-06-03 12:01:25"
"Spangled Drongo",TRUE,19683,442,2.2,0.5929,24,5.43,"ok",NA,"2026-06-03 12:03:24"
"Brown Treecreeper",TRUE,19655,460,2.3,0.8127,24,5.03,"ok",NA,"2026-06-03 12:05:32"
"Apostlebird",TRUE,19684,237,1.2,0.846,24,5.75,"ok",NA,"2026-06-03 12:07:21"
"Topknot Pigeon",TRUE,19687,465,2.4,0.5061,24,7.05,"ok",NA,"2026-06-03 12:08:45"
"Little Friarbird",TRUE,19677,340,1.7,0.7092,24,7.16,"ok",NA,"2026-06-03 12:10:05"
"Tawny Grassbird",TRUE,19690,251,1.3,0.7723,24,6.77,"ok",NA,"2026-06-03 10:55:14"
"Buff-rumped Thornbill",TRUE,19655,704,3.6,0.7243,24,6.22,"ok",NA,"2026-06-03 10:57:10"
"Rufous Songlark",TRUE,19689,257,1.3,0.7361,24,5.5,"ok",NA,"2026-06-03 10:58:51"
"Brown Quail",TRUE,19688,259,1.3,0.4811,24,5.55,"ok",NA,"2026-06-03 11:00:34"
"Brown-headed Honeyeater",TRUE,19666,507,2.6,0.5913,24,6.15,"ok",NA,"2026-06-03 11:03:03"
"Yellow-throated Scrubwren",TRUE,19662,817,4.2,0.7958,24,6.95,"ok",NA,"2026-06-03 11:04:59"
"Azure Kingfisher",TRUE,19695,332,1.7,0.3384,24,5.25,"ok",NA,"2026-06-03 11:06:56"
"Yellow-throated Miner",TRUE,19690,71,0.4,0.8622,24,3.2,"ok",NA,"2026-06-03 11:08:48"
"European Goldfinch",TRUE,19691,153,0.8,0.8046,24,7.5,"ok",NA,"2026-06-03 11:11:16"
"Black Kite",TRUE,19691,118,0.6,0.7267,24,2.74,"ok",NA,"2026-06-03 11:12:57"
"Rose Robin",TRUE,19677,599,3,0.4394,24,7.06,"ok",NA,"2026-06-03 11:15:17"
"Eastern Shrike-tit",TRUE,19679,506,2.6,0.4399,24,6.85,"ok",NA,"2026-06-03 11:17:04"
"Sahul Cicadabird",TRUE,19692,302,1.5,0.5246,24,5.3,"ok",NA,"2026-06-03 11:18:48"
"Singing Honeyeater",TRUE,19694,64,0.3,0.7929,24,4.16,"ok",NA,"2026-06-03 11:20:33"
"Little Lorikeet",TRUE,19669,455,2.3,0.5815,24,7.18,"ok",NA,"2026-06-03 11:22:09"
"Brown Falcon",TRUE,19687,147,0.7,0.3485,24,3.24,"ok",NA,"2026-06-03 11:23:42"
"Zebra Finch",FALSE,NA,NA,NA,NA,NA,NA,"failed","Insufficient detections: 48","2026-06-03 11:24:58"
"Australian Ringneck",TRUE,19690,77,0.4,0.87,24,4.83,"ok",NA,"2026-06-03 11:27:10"
"White-winged Triller",TRUE,19694,145,0.7,0.638,24,5.09,"ok",NA,"2026-06-03 11:29:47"
"White-throated Needletail",TRUE,19685,366,1.9,0.595,24,5.41,"ok",NA,"2026-06-03 11:31:59"
"Brahminy Kite",TRUE,19694,224,1.1,0.6211,24,2.73,"ok",NA,"2026-06-03 11:37:44"
"Varied Sittella",TRUE,19673,403,2,0.4241,24,7.4,"ok",NA,"2026-06-03 11:40:06"
"Australian Hobby",TRUE,19691,139,0.7,0.219,24,2.25,"ok",NA,"2026-06-03 11:42:24"
"Fuscous Honeyeater",TRUE,19652,623,3.2,0.8534,24,7.64,"ok",NA,"2026-06-03 11:44:42"
"Red-capped Robin",TRUE,19688,219,1.1,0.7588,24,3.81,"ok",NA,"2026-06-03 11:46:42"
"Gray-crowned Babbler",TRUE,19685,174,0.9,0.7653,24,3.05,"ok",NA,"2026-06-03 11:49:37"
"Pheasant Coucal",TRUE,19694,104,0.5,0.5137,24,3.77,"ok",NA,"2026-06-03 11:51:17"
"Sahul Brush Cuckoo",TRUE,19690,226,1.1,0.4303,24,4.84,"ok",NA,"2026-06-03 11:52:49"
"Horsfield's Bronze-Cuckoo",TRUE,19691,200,1,0.364,24,4.89,"ok",NA,"2026-06-03 11:54:21"
"Yellow-tufted Honeyeater",TRUE,19677,262,1.3,0.8517,24,6.67,"ok",NA,"2026-06-03 11:55:59"
"Australian Owlet-nightjar",TRUE,19700,160,0.8,0.5305,24,5.03,"ok",NA,"2026-06-03 11:57:40"
"Red-backed Fairywren",TRUE,19694,258,1.3,0.8347,24,3.46,"ok",NA,"2026-06-03 11:59:13"
"Gray Goshawk",TRUE,19693,281,1.4,0.1992,24,4.49,"ok",NA,"2026-06-03 12:01:22"
"Peregrine Falcon",TRUE,19696,319,1.6,0.2546,24,6.73,"ok",NA,"2026-06-03 12:03:24"
"Speckled Warbler",TRUE,19690,283,1.4,0.7167,24,4.15,"ok",NA,"2026-06-03 12:05:32"
"Purple-backed Fairywren",TRUE,19693,86,0.4,0.7864,24,3.41,"ok",NA,"2026-06-03 12:07:21"
"Varied Triller",TRUE,19697,223,1.1,0.6834,24,3.46,"ok",NA,"2026-06-03 12:08:48"
"Australian Logrunner",TRUE,19689,246,1.2,0.8025,24,5.74,"ok",NA,"2026-06-03 12:10:12"
"Gang-gang Cockatoo",TRUE,19691,228,1.2,0.7396,24,6.86,"ok",NA,"2026-06-03 12:10:59"
"Regent Bowerbird",TRUE,19698,338,1.7,0.7357,24,5.78,"ok",NA,"2026-06-03 12:11:45"
"Western Gerygone",TRUE,19688,199,1,0.7061,24,4.85,"ok",NA,"2026-06-03 10:55:14"
"Cockatiel",TRUE,19689,90,0.5,0.843,24,2.96,"ok",NA,"2026-06-03 10:57:14"
"Collared Sparrowhawk",TRUE,19692,206,1,0.1083,24,2.12,"ok",NA,"2026-06-03 10:58:55"
"Bassian Thrush",TRUE,19693,436,2.2,0.5952,24,5.08,"ok",NA,"2026-06-03 11:00:39"
"Scarlet Robin",TRUE,19696,190,1,0.5888,24,4.55,"ok",NA,"2026-06-03 11:03:01"
"Australian Boobook",TRUE,19694,208,1.1,0.5279,24,6.23,"ok",NA,"2026-06-03 11:04:59"
"Emu",TRUE,19691,116,0.6,0.8287,24,5.42,"ok",NA,"2026-06-03 11:07:04"
"White-bellied Cuckooshrike",TRUE,19692,196,1,0.473,24,4.95,"ok",NA,"2026-06-03 11:08:52"
"Forest Raven",TRUE,19699,88,0.4,0.742,24,4.06,"ok",NA,"2026-06-03 11:11:24"
"White-browed Woodswallow",TRUE,19691,125,0.6,0.8327,24,5.02,"ok",NA,"2026-06-03 11:13:06"
"White-winged Fairywren",FALSE,NA,NA,NA,NA,NA,NA,"failed","Insufficient detections: 27","2026-06-03 11:14:54"
"Chestnut-rumped Thornbill",TRUE,19681,108,0.5,0.8668,24,2.66,"ok",NA,"2026-06-03 11:17:07"
"White-browed Babbler",TRUE,19689,126,0.6,0.8357,24,4.7,"ok",NA,"2026-06-03 11:19:03"
"Southern Emuwren",TRUE,19684,263,1.3,0.782,24,6.18,"ok",NA,"2026-06-03 11:20:53"
"Diamond Firetail",TRUE,19696,143,0.7,0.8317,24,5.4,"ok",NA,"2026-06-03 11:22:35"
"Greater Bluebonnet",FALSE,NA,NA,NA,NA,NA,NA,"failed","Insufficient detections: 46","2026-06-03 11:23:55"
"Noisy Pitta",TRUE,19698,191,1,0.6073,24,3.86,"ok",NA,"2026-06-03 11:25:34"
"Powerful Owl",TRUE,19699,176,0.9,0.5852,24,5.09,"ok",NA,"2026-06-03 11:28:09"
"Superb Parrot",TRUE,19698,70,0.4,0.91,24,4.98,"ok",NA,"2026-06-03 11:30:48"
"Australian Spectacled Monarch",TRUE,19697,152,0.8,0.7701,24,4.62,"ok",NA,"2026-06-03 11:33:20"
"Wompoo Fruit-Dove",TRUE,19693,148,0.8,0.8377,24,3.8,"ok",NA,"2026-06-03 11:35:43"
"Pacific Emerald Dove",TRUE,19699,80,0.4,0.5889,24,3.95,"ok",NA,"2026-06-03 11:37:57"
"Inland Thornbill",TRUE,19693,156,0.8,0.8327,24,2.97,"ok",NA,"2026-06-03 11:40:26"
"Glossy Black-Cockatoo",TRUE,19698,160,0.8,0.466,24,6.5,"ok",NA,"2026-06-03 11:43:01"
"Mangrove Gerygone",TRUE,19687,153,0.8,0.7744,24,4.47,"ok",NA,"2026-06-03 11:45:16"
"Southern Whiteface",FALSE,NA,NA,NA,NA,NA,NA,"failed","Insufficient detections: 39","2026-06-03 11:46:49"
"Chestnut-breasted Munia",TRUE,19695,70,0.4,0.8195,24,4.97,"ok",NA,"2026-06-03 11:48:47"
"Red-browed Treecreeper",TRUE,19699,141,0.7,0.6668,24,5.57,"ok",NA,"2026-06-03 11:50:32"
"Brown Songlark",FALSE,NA,NA,NA,NA,NA,NA,"failed","Insufficient detections: 21","2026-06-03 11:51:54"
"Little Eagle",TRUE,19694,150,0.8,0.2673,24,2.38,"ok",NA,"2026-06-03 11:53:30"
"Pallid Cuckoo",TRUE,19693,70,0.4,0.5186,24,3.52,"ok",NA,"2026-06-03 11:55:05"
"Rose-crowned Fruit-Dove",TRUE,19700,76,0.4,0.8219,24,3.78,"ok",NA,"2026-06-03 11:56:47"
"White-fronted Chat",TRUE,19691,54,0.3,0.8571,24,1.96,"ok",NA,"2026-06-03 11:58:38"
"Square-tailed Kite",TRUE,19699,126,0.6,0.1697,24,2.03,"ok",NA,"2026-06-03 12:00:43"
"Masked Woodswallow",TRUE,19696,51,0.3,0.8533,24,4.79,"ok",NA,"2026-06-03 12:02:57"
"Crested Bellbird",TRUE,19697,57,0.3,0.8242,24,2.76,"ok",NA,"2026-06-03 12:05:07"
"Rockwarbler",TRUE,19692,275,1.4,0.7175,24,5.99,"ok",NA,"2026-06-03 12:07:07"
"Red-winged Parrot",TRUE,19698,77,0.4,0.8182,24,4.64,"ok",NA,"2026-06-03 12:08:47"
"Budgerigar",FALSE,NA,NA,NA,NA,NA,NA,"failed","Insufficient detections: 27","2026-06-03 12:09:55"
"Pacific Baza",TRUE,19695,173,0.9,0.4139,24,3.42,"ok",NA,"2026-06-03 10:55:08"
"Flame Robin",TRUE,19696,92,0.5,0.7681,24,5.68,"ok",NA,"2026-06-03 10:57:07"
"Stubble Quail",FALSE,NA,NA,NA,NA,NA,NA,"failed","Insufficient detections: 27","2026-06-03 10:58:35"
"Hooded Robin",TRUE,19696,92,0.5,0.7585,24,3.45,"ok",NA,"2026-06-03 11:00:15"
"Pale-yellow Robin",TRUE,19695,112,0.6,0.8051,24,3.01,"ok",NA,"2026-06-03 11:02:53"
"Splendid Fairywren",TRUE,19694,107,0.5,0.9245,24,2.42,"ok",NA,"2026-06-03 11:05:04"
"Mulga Parrot",FALSE,NA,NA,NA,NA,NA,NA,"failed","Insufficient detections: 23","2026-06-03 11:06:33"
"Eastern Bristlebird",TRUE,19696,178,0.9,0.921,24,2.9,"ok",NA,"2026-06-03 11:08:29"
"Eurasian Skylark",FALSE,NA,NA,NA,NA,NA,NA,"failed","Insufficient detections: 13","2026-06-03 11:10:26"
"Beautiful Firetail",TRUE,19695,178,0.9,0.7852,24,4.76,"ok",NA,"2026-06-03 11:12:17"
"Spotted Bowerbird",FALSE,NA,NA,NA,NA,NA,NA,"failed","Insufficient detections: 36","2026-06-03 11:13:49"
"Pilotbird",TRUE,19697,102,0.5,0.644,24,3.09,"ok",NA,"2026-06-03 11:16:05"
"Tawny-crowned Honeyeater",TRUE,19676,105,0.5,0.8118,24,2.63,"ok",NA,"2026-06-03 11:17:54"
"Turquoise Parrot",TRUE,19698,127,0.6,0.838,24,5.47,"ok",NA,"2026-06-03 11:19:47"
"Little Crow",FALSE,NA,NA,NA,NA,NA,NA,"failed","Insufficient detections: 10","2026-06-03 11:21:07"
"Forest Kingfisher",TRUE,19700,61,0.3,0.6525,24,2.11,"ok",NA,"2026-06-03 11:22:40"
"Russet-tailed Thrush",TRUE,19698,95,0.5,0.7824,24,5.4,"ok",NA,"2026-06-03 11:24:20"
"Chestnut-rumped Heathwren",TRUE,19695,150,0.8,0.6536,24,4.33,"ok",NA,"2026-06-03 11:26:02"
"White-fronted Honeyeater",TRUE,19696,66,0.3,0.9354,24,2.57,"ok",NA,"2026-06-03 11:29:04"
"Diamond Dove",FALSE,NA,NA,NA,NA,NA,NA,"failed","Insufficient detections: 42","2026-06-03 11:31:09"
"Plum-headed Finch",TRUE,19699,52,0.3,0.9487,24,2.9,"ok",NA,"2026-06-03 11:33:54"
"Gray Currawong",TRUE,19698,52,0.3,0.6456,24,3.73,"ok",NA,"2026-06-03 11:37:02"
"Paradise Riflebird",TRUE,19698,75,0.4,0.774,24,3.76,"ok",NA,"2026-06-03 11:39:15"
"Spotted Quail-thrush",TRUE,19699,78,0.4,0.5898,24,3.81,"ok",NA,"2026-06-03 11:41:34"
"Crescent Honeyeater",FALSE,NA,NA,NA,NA,NA,NA,"failed","Insufficient detections: 45","2026-06-03 11:43:35"
"Black-chinned Honeyeater",TRUE,19694,75,0.4,0.7979,24,2.69,"ok",NA,"2026-06-03 11:45:38"
"White-throated Nightjar",FALSE,NA,NA,NA,NA,NA,NA,"failed","Insufficient detections: 22","2026-06-03 11:47:07"
"Pale-headed Rosella",FALSE,NA,NA,NA,NA,NA,NA,"failed","Insufficient detections: 25","2026-06-03 11:48:31"
"Swift Parrot",FALSE,NA,NA,NA,NA,NA,NA,"failed","Insufficient detections: 32","2026-06-03 11:49:50"
"White-throated Honeyeater",FALSE,NA,NA,NA,NA,NA,NA,"failed","Insufficient detections: 22","2026-06-03 11:51:06"
"Brush Bronzewing",FALSE,NA,NA,NA,NA,NA,NA,"failed","Insufficient detections: 48","2026-06-03 11:52:20"
"Satin Flycatcher",FALSE,NA,NA,NA,NA,NA,NA,"failed","Insufficient detections: 29","2026-06-03 11:53:33"
"Pacific Swift",FALSE,NA,NA,NA,NA,NA,NA,"failed","Insufficient detections: 22","2026-06-03 11:54:48"
"Sooty Owl",FALSE,NA,NA,NA,NA,NA,NA,"failed","Insufficient detections: 30","2026-06-03 11:56:05"
"Red-tailed Black-Cockatoo",FALSE,NA,NA,NA,NA,NA,NA,"failed","Insufficient detections: 8","2026-06-03 11:57:19"
"Rufous Scrub-bird",TRUE,19700,89,0.5,0.8373,24,2.33,"ok",NA,"2026-06-03 11:59:26"
"Indian Peafowl",TRUE,19697,52,0.3,0.8671,24,3.75,"ok",NA,"2026-06-03 12:01:53"
"Olive Whistler",FALSE,NA,NA,NA,NA,NA,NA,"failed","Insufficient detections: 25","2026-06-03 12:03:25"
"Albert's Lyrebird",FALSE,NA,NA,NA,NA,NA,NA,"failed","Insufficient detections: 20","2026-06-03 12:04:59"
"Torresian Kingfisher",TRUE,19698,57,0.3,0.9206,24,2.87,"ok",NA,"2026-06-03 12:06:53"
