"species","dev_full","dev_base","dev_no_fd","dev_no_cwm","dev_no_rich","dev_no_struct","unique_total_veg","unique_fd","unique_cwm","unique_richness","unique_structure","dev_no_land","unique_landscape"
"Torresian Kingfisher",0.845246818188709,0.862902373523793,0.859732860191229,0.845370178899268,0.853746259388573,0.845336222018662,-0.0176555553350839,-0.01448604200252,-0.000123360710559406,-0.00849944119986457,-8.94038299531497e-05,0.825764970206878,0.0114557535158755
"Indian Peafowl",0.492825586820034,0.450995641285251,0.485263569609379,0.487728605658443,0.488662905556948,0.450586868274501,0.0418299455347831,0.00756201721065525,0.00509698116159191,0.00416268126308622,0.0422387185455339,0.505864834185955,-0.0130392473659209
"Rufous Scrub-bird",0.75705598073439,0.769157657272774,0.764337102582416,0.75503143574891,0.761163574310518,0.75636994230609,-0.0121016765383831,-0.00728112184802587,0.00202454498548066,-0.00410759357612744,0.000686038428300173,0.672398415226189,0.0846575655082017
"Black-chinned Honeyeater",0.682205060585356,0.68922809480484,0.706954136217885,0.689098479785421,0.689506433273888,0.650698103637057,-0.00702303421948369,-0.0247490756325294,-0.0068934192000647,-0.00730137268853215,0.0315069569482989,0.566374096103984,0.115830964481372
"Spotted Quail-thrush",0.334429920194565,0.368379764208592,0.330201582850653,0.345280733285587,0.342568123057734,0.353140222794561,-0.0339498440140273,0.00422833734391143,-0.0108508130910229,-0.00813820286316924,-0.0187103025999967,0.00889775727835493,0.32553216291621
"Paradise Riflebird",0.646762025187168,0.656661044079473,0.672357998902217,0.650396071153073,0.64515305512929,0.651906690575108,-0.00989901889230527,-0.0255959737150487,-0.00363404596590466,0.00160897005787841,-0.0051446653879399,0.588382404636981,0.0583796205501875
"Gray Currawong",0.384426850134791,0.420187272819381,0.401045487436355,0.394675991590081,0.391401259643351,0.382610620015174,-0.0357604226845894,-0.0166186373015638,-0.0102491414552901,-0.00697440950855927,0.00181623011961735,-0.0648715014578337,0.449298351592625
"Plum-headed Finch",0.805005641376389,0.876051375448935,0.823926277417816,0.808823792316493,0.823824380248523,0.807397963333033,-0.0710457340725467,-0.0189206360414271,-0.00381815094010463,-0.0188187388721347,-0.00239232195664385,0.194376197884456,0.610629443491933
"White-fronted Honeyeater",0.892094373260413,0.886435047689789,0.906505697075122,0.894813425277075,0.890266837807658,0.892374120993117,0.00565932557062432,-0.0144113238147083,-0.00271905201666134,0.00182753545275494,-0.00027974773270345,0.858510161879131,0.0335842113812818
"Chestnut-rumped Heathwren",0.382007381882427,0.366453167325027,0.391458394918162,0.383709697673159,0.379761185189539,0.371646978476259,0.0155542145574,-0.00945101303573531,-0.0017023157907316,0.00224619669288817,0.0103604034061678,0.283141156681245,0.0988662252011825
"Russet-tailed Thrush",0.697615782538408,0.693087635985775,0.706402714723636,0.67314277090062,0.70236880853143,0.705123208503304,0.00452814655263289,-0.00878693218522786,0.0244730116377887,-0.00475302599302141,-0.00750742596489595,0.651541400425333,0.0460743821130752
"Forest Kingfisher",0.534820851887273,0.53268782608726,0.54573416222558,0.53636734445254,0.534822038696939,0.54434879351313,0.00213302580001329,-0.0109133103383069,-0.00154649256526673,-1.18680966554319e-06,-0.00952794162585635,0.398970174878134,0.135850677009139
"Turquoise Parrot",0.690061058826924,0.731056503587812,0.680668793340035,0.661225746737936,0.659464065798664,0.67865619384991,-0.0409954447608882,0.00939226548688876,0.0288353120889879,0.0305969930282607,0.0114048649770142,0.544584124235818,0.145476934591107
"Tawny-crowned Honeyeater",0.405699786999119,0.421544459623192,0.428501325673426,0.407197826528451,0.420772504520513,0.301003724460647,-0.0158446726240731,-0.0228015386743064,-0.00149803952933175,-0.0150727175213934,0.104696062538473,0.345879912303083,0.0598198746960362
"Pilotbird",0.528463111889108,0.549189480357231,0.528900596223774,0.519268705236905,0.539965418531299,0.521337985621735,-0.0207263684681226,-0.000437484334666061,0.00919440665220383,-0.0115023066421909,0.00712512626737327,0.346523559910327,0.181939551978781
"Beautiful Firetail",0.678880788392923,0.660778620248245,0.691925944667268,0.68448864007899,0.689814137871738,0.673846390007258,0.0181021681446778,-0.0130451562743445,-0.00560785168606737,-0.0109333494788153,0.00503439838566544,0.613035699289769,0.0658450891031536
"Eastern Bristlebird",0.898344315002816,0.90811055037834,0.90948420893579,0.898162665296717,0.8984020542297,0.897050537507584,-0.00976623537552335,-0.0111398939329733,0.000181649706099463,-5.77392268842347e-05,0.00129377749523207,0.876776145339688,0.0215681696631281
"Splendid Fairywren",0.844345707320968,0.794438782567445,0.86414368510552,0.845720911668088,0.851142832828272,0.844183338828936,0.0499069247535229,-0.0197979777845516,-0.00137520434712002,-0.00679712550730394,0.000162368492032328,0.833997790187391,0.0103479171335776
"Pale-yellow Robin",0.735319546939883,0.75229192160345,0.759096200780909,0.748660272625145,0.745056828433658,0.738396610967904,-0.0169723746635674,-0.0237766538410257,-0.0133407256852622,-0.00973728149377451,-0.0030770640280211,0.722008958489075,0.0133105884508081
"Hooded Robin",0.565555872879721,0.696758269235511,0.689822004593772,0.580708667612135,0.559250123129137,0.565510018042664,-0.13120239635579,-0.124266131714051,-0.0151527947324133,0.0063057497505844,4.58548370575462e-05,0.367245577444972,0.19831029543475
"Flame Robin",0.634790023752492,0.663451370850555,0.641145913186204,0.638497618813182,0.653662187112837,0.634191210647926,-0.0286613470980628,-0.00635588943371168,-0.00370759506068996,-0.0188721633603443,0.000598813104566331,0.282299748512191,0.352490275240301
"Pacific Baza",0.269006118857897,0.241436186363417,0.27344029410772,0.270930283432042,0.243486792919203,0.257315586705372,0.0275699324944799,-0.00443417524982281,-0.0019241645741449,0.0255193259386939,0.0116905321525247,0.156453339944415,0.112552778913482
"Red-winged Parrot",0.672848231024321,0.70767203111825,0.721407063152505,0.693557328017915,0.687255469957654,0.677558647768093,-0.0348238000939292,-0.048558832128184,-0.0207090969935939,-0.0144072389333323,-0.00471041674377137,0.43714098918447,0.235707241839852
"Rockwarbler",0.575986893466996,0.579229444600435,0.584427051730543,0.570796311839655,0.575419278362258,0.580186248813055,-0.00324255113343841,-0.00844015826354649,0.00519058162734176,0.00056761510473835,-0.00419935534605842,0.452217469034318,0.123769424432678
"Crested Bellbird",0.641575727906976,0.723789097059925,0.712110910562305,0.66369940122235,0.649721105455572,0.665992201034435,-0.0822133691529489,-0.0705351826553289,-0.0221236733153739,-0.00814537754859546,-0.0244164731274591,0.60539829411395,0.036177433793026
"Masked Woodswallow",0.367908241616199,0.569480572414692,0.547021135214792,0.353475344038557,0.399875774526939,0.374463175605708,-0.201572330798493,-0.179112893598593,0.0144328975776425,-0.0319675329107401,-0.00655493398950868,0.43244013740771,-0.0645318957915112
"Square-tailed Kite",0.0920467795764417,0.0954170553413415,0.0928387811827942,0.104913855198847,0.110567603491472,0.0847968000522064,-0.00337027576489984,-0.000792001606352483,-0.0128670756224053,-0.0185208239150299,0.00724997952423531,0.0635877708782156,0.0284590086982261
"White-fronted Chat",0.0856396616098333,0.558677014168964,0.58185651387058,0.11665163292968,0.139772959081126,0.107871040392487,-0.473037352559131,-0.496216852260746,-0.0310119713198464,-0.0541332974712927,-0.0222313787826539,0.332738759631369,-0.247099098021536
"Rose-crowned Fruit-Dove",0.613086565287931,0.671742120451249,0.609733129826133,0.582494706960819,0.607598896412246,0.611813935897326,-0.058655555163318,0.00335343546179845,0.0305918583271122,0.00548766887568508,0.00127262939060535,0.447162184828206,0.165924380459726
"Pallid Cuckoo",0.237588071287399,0.244477985774056,0.229970576633731,0.261379700213737,0.243532536272611,0.237307759804542,-0.00688991448665649,0.00761749465366851,-0.0237916289263376,-0.00594446498521206,0.000280311482857315,0.224364420080877,0.0132236512065221
"Little Eagle",0.127445017205329,0.121658830515989,0.144527104749349,0.130342157871876,0.134836949652849,0.128327860195451,0.0057861866893399,-0.01708208754402,-0.00289714066654687,-0.00739193244751976,-0.000882842990122368,0.124432192800353,0.00301282440497642
"Red-browed Treecreeper",0.55097383074544,0.564046372046085,0.566589949935327,0.547628157078266,0.555012113875001,0.535007071066724,-0.0130725413006449,-0.0156161191898868,0.0033456736671742,-0.00403828312956156,0.0159667596787163,0.27319863742921,0.27777519331623
"Chestnut-breasted Munia",-0.482438815423659,-0.249698361955349,-0.353571099927133,-0.489115392305453,-0.420828057692468,-0.494726525054377,-0.23274045346831,-0.128867715496526,0.00667657688179363,-0.0616107577311918,0.0122877096307175,-1.86271817548903,1.38027936006537
"Mangrove Gerygone",0.488532105301749,0.653267831224176,0.623381766423293,0.437377150558561,0.528087457193568,0.489258993720518,-0.164735725922427,-0.134849661121544,0.0511549547431878,-0.0395553518918185,-0.000726888418769223,0.42472715411153,0.0638049511902187
"Glossy Black-Cockatoo",0.121127620390639,0.122546715361195,0.0882577621689749,0.138756748179967,0.0885749024833667,0.131904079528689,-0.00141909497055555,0.0328698582216644,-0.0176291277893276,0.0325527179072727,-0.0107764591380498,0.0619623170518752,0.0591653033387641
"Inland Thornbill",0.707992332259509,0.729098093778591,0.728133549908982,0.708874588474217,0.715692898884082,0.70571314086002,-0.0211057615190821,-0.020141217649473,-0.000882256214707722,-0.00770056662457297,0.00227919139948896,0.517184076331255,0.190808255928254
"Pacific Emerald Dove",0.355916609471167,0.366302340974491,0.366500113009722,0.353034558315168,0.371436369139953,0.362800909522502,-0.0103857315033239,-0.0105835035385553,0.00288205115599849,-0.0155197596687862,-0.0068843000513355,0.276969396164948,0.0999066354890407
"Wompoo Fruit-Dove",0.725818702684544,0.742366043842395,0.740600669853079,0.71709318185578,0.722690378930644,0.72355923727146,-0.0165473411578517,-0.0147819671685355,0.00872552082876366,0.00312832375389993,0.00225946541308331,0.656340334562327,0.0694783681222163
"Australian Spectacled Monarch",0.599378841436679,0.61247373682375,0.621804232174169,0.600157950067789,0.600057250578819,0.602095103439322,-0.0130948953870711,-0.0224253907374898,-0.000779108631109748,-0.000678409142139458,-0.00271626200264252,0.529605568785215,0.0697732726514638
"Superb Parrot",0.380956519248949,0.487752678270381,0.597749376556792,0.337118193189883,0.402570559676508,0.345818228416898,-0.106796159021432,-0.216792857307843,0.0438383260590656,-0.0216140404275597,0.0351382908320507,0.434284371765028,-0.0533278525160789
"Powerful Owl",0.415649781740548,0.39724097999041,0.412236376814212,0.417665753548589,0.450330078986331,0.414822679449687,0.0184088017501387,0.00341340492633674,-0.00201597180804108,-0.0346802972457823,0.000827102290861748,0.333008023407222,0.0826417583333265
"Noisy Pitta",0.477510192691786,0.486586157564034,0.518684927594506,0.482606831478738,0.47858695683331,0.469436755000902,-0.00907596487224799,-0.0411747349027198,-0.00509663878695205,-0.00107676414152397,0.00807343769088387,0.42769730242847,0.0498128902633159
"Diamond Firetail",0.665474676747239,0.720161505945632,0.684632716363231,0.69418143378398,0.67529656688287,0.681320246841942,-0.054686829198393,-0.0191580396159917,-0.0287067570367402,-0.00982189013563073,-0.0158455700947024,0.523169928986646,0.142304747760593
"Southern Emuwren",0.675564395348956,0.644497099962924,0.651609127497766,0.648197192824166,0.680806160763248,0.674816152926512,0.0310672953860323,0.0239552678511908,0.0273672025247904,-0.00524176541429178,0.000748242422444423,0.629095316342871,0.0464690790060859
"White-browed Babbler",0.696022636450037,0.771598406002786,0.758769136342957,0.684984272812907,0.699434802773032,0.637680804881666,-0.0755757695527488,-0.0627464998929197,0.0110383636371296,-0.00341216632299457,0.0583418315683715,0.414967106013853,0.281055530436184
"Chestnut-rumped Thornbill",0.781090918979433,0.783286105265481,0.670646638445043,0.783762314914955,0.779219077286335,0.775152043217497,-0.00219518628604831,0.11044428053439,-0.00267139593552179,0.00187184169309806,0.00593887576193619,0.652607291198423,0.12848362778101
"White-browed Woodswallow",0.317385067077296,0.444297490642625,0.412921134467443,0.360137075067174,0.337237787635708,0.280818347498416,-0.12691242356533,-0.0955360673901472,-0.0427520079898787,-0.0198527205584127,0.0365667195788799,0.404930263265503,-0.0875451961882079
"Forest Raven",0.357343189330475,0.551291533486017,0.552162128306048,0.359100124232196,0.362379179448094,0.37533374924582,-0.193948344155542,-0.194818938975572,-0.00175693490172113,-0.00503599011761874,-0.0179905599153448,0.223368353979122,0.133974835351354
"White-bellied Cuckooshrike",0.340679010921847,0.368039525948218,0.363753610085995,0.350400516709587,0.345865817464836,0.34001197786228,-0.0273605150263702,-0.0230745991641473,-0.00972150578774,-0.00518680654298848,0.000667033059567113,0.230511759781966,0.110167251139881
"Emu",0.621922859250506,0.671859383721909,0.701718993319154,0.629448652278654,0.633865973096893,0.581884541715364,-0.0499365244714028,-0.0797961340686478,-0.00752579302814749,-0.011943113846387,0.0400383175351424,0.498536455598,0.123386403652506
"Australian Boobook",0.444540132635434,0.445391250890509,0.453311834386231,0.441203190364772,0.442067975180507,0.441676593583687,-0.00085111825507439,-0.00877170175079667,0.00333694227066189,0.0024721574549269,0.00286353905174763,0.446143016124948,-0.00160288348951404
"Scarlet Robin",0.49793313490084,0.491133307855152,0.505407319556265,0.497704278134068,0.501460696202486,0.487290118852848,0.00679982704568749,-0.00747418465542526,0.000228856766771812,-0.003527561301646,0.0106430160479914,0.221316471190409,0.276616663710431
"Bassian Thrush",0.526838884198019,0.494357003494225,0.531357677587654,0.510790932404043,0.522294738422179,0.518767481094376,0.0324818807037943,-0.00451879338963457,0.0160479517939764,0.00454414577584017,0.00807140310364296,0.437513688757534,0.089325195440485
"Collared Sparrowhawk",0.0652692316766992,0.0761171793144705,0.070822302831251,0.0641743607448594,0.0739478944122043,0.0655486060888615,-0.0108479476377714,-0.00555307115455179,0.00109487093183978,-0.00867866273550515,-0.000279374412162317,0.0610183304044823,0.00425090127221688
"Cockatiel",0.49289186441874,0.614410399157548,0.595940858738371,0.483164966824135,0.473194476732993,0.510243683263387,-0.121518534738809,-0.103048994319631,0.00972689759460521,0.0196973876857467,-0.0173518188446475,0.319073540675278,0.173818323743462
"Western Gerygone",0.515284754340418,0.600101453615005,0.611006736481277,0.516922019109424,0.514365664667588,0.514190425356605,-0.0848166992745869,-0.0957219821408593,-0.00163726476900627,0.00091908967282972,0.00109432898381301,0.396397395777496,0.118887358562922
"Regent Bowerbird",0.608421777960541,0.661519369787279,0.676479155074398,0.604414871029737,0.60922983925983,0.611575206413657,-0.0530975918267378,-0.0680573771138564,0.00400690693080463,-0.000808061299288454,-0.00315342845311539,0.51499628479605,0.0934254931644914
"Gang-gang Cockatoo",0.499081304332909,0.472954620394289,0.513874527724592,0.471997897408953,0.476603379030357,0.503039096413439,0.0261266839386195,-0.0147932233916826,0.0270834069239564,0.0224779253025521,-0.00395779208052988,0.128275682381365,0.370805621951544
"Australian Logrunner",0.64066726249439,0.710210182820603,0.726002262480089,0.642950831747872,0.640335904538544,0.622902757940661,-0.0695429203262132,-0.0853349999856993,-0.00228356925348228,0.000331357955845268,0.0177645045537288,0.564483264124062,0.0761839983703277
"Varied Triller",0.583808615412842,0.627585071643615,0.627768739675044,0.582824318920443,0.583517481073515,0.583794872244939,-0.0437764562307731,-0.0439601242622023,0.00098429649239884,0.00029113433932626,1.37431679023692e-05,0.446942260672042,0.1368663547408
"Purple-backed Fairywren",0.172001181750494,0.282182016226015,0.381791319597404,0.0874323563712836,0.351767319183994,0.0255836751890161,-0.110180834475521,-0.20979013784691,0.0845688253792105,-0.1797661374335,0.146417506561478,-0.258287320610421,0.430288502360915
"Speckled Warbler",0.61066108523614,0.616543554953416,0.620136996632031,0.614167583696386,0.604376844171668,0.59902325589192,-0.00588246971727602,-0.00947591139589132,-0.00350649846024631,0.00628424106447223,0.0116378293442196,0.413857269096563,0.196803816139577
"Peregrine Falcon",0.167062214137836,0.187620626499866,0.17616563381245,0.176913857276418,0.16946478280843,0.16972114342073,-0.0205584123620302,-0.00910341967461392,-0.00985164313858197,-0.00240256867059394,-0.00265892928289369,0.0504773378020635,0.116584876335773
"Gray Goshawk",0.136065557422828,0.139330942147993,0.142020509307259,0.136297641527739,0.136956611763346,0.139256931497353,-0.0032653847251658,-0.00595495188443185,-0.000232084104911656,-0.000891054340518421,-0.00319137407452535,0.100187546018949,0.0358780114038783
"Red-backed Fairywren",0.779687070781405,0.798696621292895,0.791261030899289,0.77656322965003,0.775857415779809,0.779212550759289,-0.0190095505114903,-0.0115739601178845,0.00312384113137432,0.00382965500159593,0.000474520022115454,0.551481353626806,0.228205717154599
"Australian Owlet-nightjar",0.40225798844458,0.427164176588115,0.423571795802794,0.405841624486696,0.400403933894075,0.403096089886037,-0.0249061881435353,-0.0213138073582136,-0.00358363604211592,0.00185405455050502,-0.000838101441456851,0.350662012800401,0.0515959756441786
"Yellow-tufted Honeyeater",0.656539422324127,0.640947436760375,0.702774377394918,0.653722903817935,0.643124085295771,0.633898391916956,0.015591985563752,-0.0462349550707912,0.00281651850619113,0.0134153370283556,0.0226410304071707,0.460957432925169,0.195581989398957
"Horsfield's Bronze-Cuckoo",0.257422579389631,0.280595772256318,0.296925905659988,0.259969965636205,0.251336571670455,0.237388622974373,-0.0231731928666879,-0.0395033262703578,-0.00254738624657402,0.00608600771917606,0.0200339564152572,0.254319442808563,0.00310313658106731
"Sahul Brush Cuckoo",0.351549265408116,0.367171464065383,0.366186606785786,0.352088161808467,0.350103734587062,0.347958775824344,-0.0156221986572671,-0.0146373413776698,-0.000538896400351208,0.00144553082105392,0.00359048958377167,0.287577471615649,0.0639717937924665
"Pheasant Coucal",0.422399999794497,0.406266539000618,0.434055191724538,0.424151553990646,0.406620070827807,0.428685316098925,0.0161334607938791,-0.0116551919300417,-0.00175155419614975,0.0157799289666894,-0.00628531630442858,0.280395450621781,0.142004549172716
"Gray-crowned Babbler",0.634368004863605,0.710246003635289,0.691206640110374,0.646500821870932,0.648218808551601,0.637525822816316,-0.0758779987716837,-0.0568386352467689,-0.012132817007327,-0.013850803687996,-0.00315781795271131,0.262749261772979,0.371618743090626
"Red-capped Robin",0.56852197680618,0.67547808641145,0.695152293990965,0.579885405002979,0.585189838327718,0.587478975330559,-0.10695610960527,-0.126630317184785,-0.011363428196799,-0.016667861521538,-0.0189569985243793,0.456388171344003,0.091985818882854
"Fuscous Honeyeater",0.786731772988086,0.755976629849427,0.807341920855265,0.781749007906636,0.787376840748393,0.772944340429584,0.0307551431386589,-0.0206101478671793,0.00498276508144924,-0.000645067760307594,0.0137874325585015,0.654148355641144,0.132583417346942
"Australian Hobby",0.0800282712744066,0.130656503373779,0.132132021980546,0.086407955115068,0.0806602418826321,0.0799346339297708,-0.0506282320993721,-0.0521037507061391,-0.00637968384066148,-0.000631970608225577,9.36373446357441e-05,0.0644675871617629,0.0155606841126436
"Varied Sittella",0.180601774597813,0.189175410283022,0.20060903950028,0.167457159920922,0.181301804205491,0.173719587073822,-0.008573635685209,-0.0200072649024668,0.0131446146768914,-0.000700029607677177,0.00688218752399128,0.0195372738831421,0.161064500714671
"Brahminy Kite",0.485755090529569,0.536035309709574,0.528827044845491,0.489059304964702,0.487542174222711,0.488126967793902,-0.0502802191800044,-0.0430719543159216,-0.00330421443513279,-0.0017870836931419,-0.00237187726433291,0.359953399792215,0.125801690737355
"White-throated Needletail",0.350581865398817,0.370767296745189,0.383057902600409,0.341967318808177,0.353462827174717,0.338832068095647,-0.0201854313463722,-0.0324760372015916,0.00861454659064004,-0.00288096177590036,0.0117497973031703,0.241472983080077,0.109108882318739
"White-winged Triller",0.440966302733301,0.534428823308017,0.522136042194073,0.434624456992115,0.45362804303458,0.436193742429463,-0.0934625205747154,-0.0811697394607717,0.00634184574118585,-0.0126617403012791,0.0047725603038381,0.429811861849549,0.0111544408837519
"Australian Ringneck",0.621850684474742,0.64857396995134,0.64643683094749,0.638078106780809,0.704158455993301,0.651217888198374,-0.0267232854765986,-0.0245861464727481,-0.0162274223060669,-0.0823077715185597,-0.0293672037236319,0.281905690987608,0.339944993487134
"Brown Falcon",0.154138727559761,0.23068118800385,0.238509452831231,0.144884398857914,0.160473133205486,0.155147171009841,-0.0765424604440882,-0.0843707252714701,0.00925432870184684,-0.00633440564572457,-0.00100844345007978,0.0912190666221427,0.0629196609376186
"Little Lorikeet",0.275547057177988,0.254239162766745,0.294777686656262,0.254582249912245,0.277555520031401,0.280425625614012,0.0213078944112435,-0.0192306294782742,0.0209648072657437,-0.00200846285341261,-0.00487856843602386,-0.0817340900615282,0.357281147239516
"Singing Honeyeater",0.590750032268933,0.647456355158673,0.654399977483201,0.576941847003462,0.590462547041703,0.574348618086516,-0.0567063228897398,-0.0636499452142685,0.0138081852654711,0.0002874852272301,0.0164014141824171,0.391380715247881,0.199369317021051
"Sahul Cicadabird",0.436021996574127,0.444422463643473,0.456574830457247,0.432591880379508,0.439467964110535,0.434787687623334,-0.00840046706934655,-0.0205528338831204,0.0034301161946183,-0.00344596753640863,0.00123430895079307,0.35553620291843,0.0804857936556965
"Eastern Shrike-tit",0.340801909326563,0.326207313862707,0.355627670450922,0.3365035488425,0.336272139553618,0.334346208424202,0.0145945954638557,-0.0148257611243588,0.00429836048406335,0.00452976977294506,0.00645570090236075,0.247783301183023,0.0930186081435399
"Rose Robin",0.37742529368917,0.369764073821171,0.387488668595294,0.356168516688893,0.367417513944012,0.37475463628695,0.00766121986799873,-0.0100633749061242,0.0212567770002775,0.0100077797451582,0.00267065740221983,0.306078988511707,0.0713463051774632
"Black Kite",0.448004610827512,0.515468493525408,0.510261955599609,0.460550485658629,0.460780689715696,0.46308765517824,-0.0674638826978956,-0.0622573447720964,-0.0125458748311172,-0.0127760788881842,-0.0150830443507278,0.0646189799514979,0.383385630876014
"European Goldfinch",0.417109247824774,0.495468480452739,0.402491059528244,0.473406654567857,0.457462226285197,0.449853435822106,-0.0783592326279652,0.0146181882965297,-0.0562974067430826,-0.0403529784604231,-0.0327441879973318,0.022227890568434,0.39488135725634
"Yellow-throated Miner",0.469810748143466,0.548005695205712,0.536941943866447,0.530748200293769,0.568724105853377,0.577601042695318,-0.0781949470622459,-0.0671311957229811,-0.0609374521503026,-0.0989133577099106,-0.107790294551852,0.125263610225316,0.34454713791815
"Azure Kingfisher",0.251025549949073,0.210898995244628,0.26912071019888,0.243832011137395,0.252001951905065,0.232233306653428,0.0401265547044447,-0.0180951602498067,0.00719353881167781,-0.000976401955992023,0.0187922432956453,0.202031036367176,0.0489945135818973
"Yellow-throated Scrubwren",0.758498198169412,0.74951669756872,0.775292624098524,0.747585589997662,0.759916277143927,0.757885200101913,0.00898150060069181,-0.0167944259291122,0.0109126081717497,-0.00141807897451551,0.000612998067498371,0.660192244581988,0.0983059535874233
"Brown-headed Honeyeater",0.4927966312814,0.490053369020577,0.506160183078248,0.460287222774184,0.488130403357689,0.491679253403593,0.00274326226082361,-0.0133635517968474,0.0325094085072163,0.00466622792371174,0.00111737787780686,0.327336532374042,0.165460098907358
"Brown Quail",0.311463774030773,0.314643172835992,0.394082706627986,0.315115853618274,0.33206359560214,0.291686577753845,-0.00317939880521872,-0.0826189325972129,-0.00365207958750136,-0.0205998215713673,0.0197771962769285,0.236101380688728,0.0753623933420448
"Rufous Songlark",0.560854371340669,0.611042734932917,0.616748705193846,0.56415295978011,0.56358325175613,0.563126373236916,-0.0501883635922489,-0.0558943338531773,-0.00329858843944109,-0.00272888041546138,-0.00227200189624777,0.484748687641523,0.0761056836991453
"Buff-rumped Thornbill",0.612616761741805,0.618806245974838,0.647350554603617,0.601972686262426,0.612682987418058,0.609758157340625,-0.00618948423303345,-0.0347337928618122,0.0106440754793791,-6.62256762531399e-05,0.00285860440117991,0.399294403848917,0.213322357892888
"Tawny Grassbird",0.463395859172084,0.641832083504029,0.604468079654527,0.480607473576164,0.461934579271227,0.473766819517195,-0.178436224331945,-0.141072220482443,-0.0172116144040798,0.00146127990085643,-0.0103709603451114,0.391929892649764,0.0714659665223202
"Little Friarbird",0.552688902883915,0.568416612390852,0.575596981107873,0.565286207446985,0.554178187050097,0.543251287895389,-0.0157277095069365,-0.022908078223958,-0.0125973045630698,-0.00148928416618233,0.00943761498852635,0.345996499651987,0.206692403231928
"Topknot Pigeon",0.234968124564027,0.248937357536509,0.278492730623742,0.211410350594,0.202762742199153,0.241934844832649,-0.0139692329724818,-0.0435246060597154,0.0235577739700263,0.0322053823648739,-0.00696672026862272,0.191944940342011,0.0430231842220154
"Apostlebird",0.569809189133239,0.641012490580543,0.667015495732816,0.608725467125273,0.568636713805998,0.558484286208627,-0.071203301447304,-0.0972063065995775,-0.0389162779920338,0.00117247532724074,0.0113249029246113,0.151445045732368,0.418364143400871
"Brown Treecreeper",0.693746629211945,0.749808508326997,0.755824221226373,0.684730419771744,0.691705653573871,0.694716143236538,-0.0560618791150514,-0.062077592014428,0.00901620944020165,0.00204097563807448,-0.000969514024592333,0.514669132859956,0.179077496351989
"Spangled Drongo",0.502800971617578,0.534847270657298,0.535959411266444,0.505803432695683,0.500910058582619,0.503180464753846,-0.0320462990397203,-0.0331584396488664,-0.00300246107810509,0.0018909130349587,-0.000379493136268394,0.38086752438629,0.121933447231288
"Restless Flycatcher",0.416329543783681,0.427284697511349,0.433375499712065,0.419405276342893,0.408072630940503,0.413122348202597,-0.0109551537276673,-0.0170459559283834,-0.00307573255921212,0.00825691284317859,0.00320719558108401,0.290295654809542,0.12603388897414
"Large-billed Scrubwren",0.583979083501738,0.570059165271896,0.592486797199398,0.583977176501195,0.589438629212979,0.580667765151318,0.0139199182298426,-0.00850771369765924,1.90700054347737e-06,-0.00545954571124041,0.0033113183504202,0.509080080333562,0.0748990031681764
"Long-billed Corella",0.0399221035264468,0.028918201415474,0.0352657189910127,0.038034680642138,0.0601163989506795,-0.280397367746428,0.0110039021109728,0.00465638453543409,0.00188742288430881,-0.0201942954242328,0.320319471272875,0.165695914708219,-0.125773811181772
"Little Grassbird",0.423112848125344,0.601489816827129,0.615952448750636,0.408721794796446,0.416380025606993,0.403356293784943,-0.178376968701785,-0.192839600625292,0.0143910533288981,0.00673282251835089,0.0197565543404006,0.404608116740353,0.0185047313849911
"Leaden Flycatcher",0.424073496546868,0.425733533691319,0.426069995674995,0.416286976617444,0.423305708662985,0.427177162670339,-0.00166003714445107,-0.00199649912812705,0.00778651992942425,0.000767787883883486,-0.00310366612347074,0.339728290623705,0.0843452059231635
"Striped Honeyeater",0.550238927368077,0.549264780285182,0.55166876679691,0.550226105183307,0.550187581875558,0.544177995633712,0.000974147082894783,-0.00142983942883357,1.28221847691679e-05,5.13454925185064e-05,0.00606093173436495,0.38497595623509,0.165262971132986
"Double-barred Finch",0.590200363488811,0.572514541154962,0.590253950658314,0.592085744161477,0.589890169050106,0.589039538758796,0.0176858223338493,-5.35871695029888e-05,-0.00188538067266575,0.000310194438704947,0.001160824730015,0.320284469446899,0.287373963856244
"Tawny Frogmouth",0.206669277410871,0.220298212568008,0.241612930883291,0.197202605563359,0.208785029429226,0.201289414872519,-0.013628935157138,-0.0349436534724201,0.00946667184751165,-0.00211575201835509,0.00537986253835149,0.169667121396353,0.0370021560145177
"Green Catbird",0.550466678327985,0.582329327999861,0.610463669233362,0.548782868629012,0.555096864849377,0.544699188401035,-0.0318626496718769,-0.0599969909053774,0.00168380969897264,-0.00463018652139258,0.00576748992694931,0.476138113438097,0.0743285648898877
"Swamp Harrier",0.239206042653367,0.481235186996244,0.481606261118888,0.238854781608406,0.23867141543689,0.242317127808179,-0.242029144342877,-0.242400218465521,0.000351261044960777,0.000534627216476902,-0.00311108515481143,0.200359538331249,0.0388465043221186
"Brown Goshawk",0.129225416463678,0.126653808368686,0.12926307527272,0.131744933854689,0.129257108270076,0.126839111655845,0.00257160809499182,-3.76588090422736e-05,-0.00251951739101128,-3.16918063981431e-05,0.00238630480783361,0.108244018422066,0.020981398041612
"Shining Bronze-Cuckoo",0.252803767359059,0.265045524056075,0.260537440896753,0.25262537804756,0.251899215640194,0.252698349433512,-0.012241756697016,-0.00773367353769389,0.000178389311498772,0.000904551718865221,0.000105417925547358,0.195108839251246,0.0576949281078134
"Jacky-winter",0.516433968287804,0.608128405318042,0.602602731434511,0.507106011107486,0.514683554930706,0.516038168417329,-0.0916944370302376,-0.086168763146707,0.00932795718031809,0.00175041335709847,0.000395799870475888,0.315078721059568,0.201355247228236
"Dusky Woodswallow",0.476621119645675,0.451556935551639,0.488511296422023,0.468526131268272,0.480402357755213,0.465078746554127,0.0250641840940365,-0.0118901767763477,0.00809498837740341,-0.0037812381095379,0.0115423730915487,0.256194794537045,0.22042632510863
"Wedge-tailed Eagle",0.245056684716947,0.263731943869163,0.269949589534812,0.246526658800659,0.243346361317968,0.251580246510177,-0.018675259152216,-0.0248929048178645,-0.00146997408371144,0.00171032339897967,-0.00652356179322958,0.174390180527167,0.0706665041897806
"Australian Pipit",0.243987862698734,0.397879741001252,0.41308694529223,0.237035537812116,0.218886328522976,0.237714587983866,-0.153891878302517,-0.169099082593496,0.00695232488661848,0.0251015341757587,0.0062732747148683,0.0842513820551034,0.159736480643631
"Black-faced Monarch",0.629137191450975,0.631578645297657,0.643110976060805,0.619084075650451,0.621837013085723,0.627684875944088,-0.00244145384668126,-0.0139737846098299,0.010053115800524,0.00730017836525265,0.00145231550688762,0.583249908925782,0.0458872825251929
"Osprey",0.46103001710176,0.48570859928096,0.484571702421549,0.453589085622114,0.45543778960206,0.46039209988457,-0.0246785821792004,-0.0235416853197892,0.00744093147964525,0.00559222749969923,0.00063791721718931,0.35306126244989,0.107968754651869
"Rainbow Bee-eater",0.561153578502867,0.565533443716386,0.580273348673129,0.554946032238379,0.547260800588391,0.553008117836904,-0.00437986521351963,-0.0191197701702629,0.00620754626448716,0.0138927779144755,0.00814546066596289,0.270376700118042,0.290776878384825
"Common Bronzewing",0.474883319912449,0.51303270351053,0.514891810109723,0.479319045753467,0.476481496280425,0.48012232905422,-0.0381493835980811,-0.0400084901972736,-0.00443572584101742,-0.00159817636797593,-0.0052390091417705,0.321596622604378,0.153286697308072
"Weebill",0.604577841262225,0.618450355883592,0.630187076711378,0.60477599107868,0.60191638420642,0.597159455949995,-0.0138725146213672,-0.0256092354491533,-0.000198149816455606,0.00266145705580478,0.0074183853122296,0.50731050005014,0.0972673412120845
"Australian Rufous Fantail",0.488989092701321,0.477339186368066,0.489096025910846,0.484147413989838,0.48883016800987,0.487436217784772,0.0116499063332554,-0.000106933209524984,0.00484167871148317,0.000158924691451789,0.00155287491654915,0.464229630293465,0.0247594624078565
"White-throated Gerygone",0.510780827496546,0.484865136871541,0.52285651771265,0.505593772554644,0.508625783874392,0.492168233991456,0.025915690625005,-0.0120756902161042,0.00518705494190241,0.00215504362215446,0.0186125935050899,0.39756369359947,0.113217133897076
"White-naped Honeyeater",0.389444390570834,0.412466184307939,0.426398475829028,0.392290655007347,0.391000775062113,0.373720942488589,-0.0230217937371048,-0.0369540852581939,-0.00284626443651298,-0.00155638449127882,0.0157234480822456,0.22483093017527,0.164613460395565
"White-eared Honeyeater",0.565826333724773,0.509607119526934,0.573528902130709,0.535276666127232,0.561243579846138,0.559196512576499,0.0562192141978384,-0.00770256840593597,0.0305496675975405,0.0045827538786346,0.00662982114827315,0.305166778624524,0.260659555100248
"White-breasted Woodswallow",0.564652339541101,0.628768175533468,0.646316510453585,0.572661027493649,0.583868595984004,0.552247378252018,-0.0641158359923666,-0.0816641709124843,-0.00800868795254817,-0.0192162564429027,0.0124049612890834,0.346125357924233,0.218526981616868
"Spiny-cheeked Honeyeater",0.778487042038819,0.778328469807729,0.78293596972658,0.779565877168335,0.780758529459616,0.781193624735293,0.000158572231090615,-0.00444892768776062,-0.00107883512951534,-0.00227148742079697,-0.00270658269647361,0.5863158633607,0.192171178678119
"White-headed Pigeon",0.397781284924467,0.389926630498145,0.419177911568322,0.3832251998622,0.388946308226579,0.41675613654769,0.00785465442632266,-0.0213966266438546,0.0145560850622674,0.00883497669788874,-0.0189748516232225,0.254419181726084,0.143362103198383
"Peaceful Dove",0.581684958553659,0.622314177631607,0.620854744648256,0.582585510659298,0.580804170188465,0.583692555342192,-0.040629219077948,-0.0391697860945964,-0.000900552105638996,0.000880788365194785,-0.00200759678853268,0.359731175475833,0.221953783077827
"Fairy Martin",0.301605996324725,0.090738701900316,0.164202984257192,0.309558577838383,0.28585044191106,0.314837691347295,0.210867294424409,0.137403012067533,-0.00795258151365846,0.0157555544136649,-0.01323169502257,0.361182100417436,-0.0595761040927116
"Superb Lyrebird",0.604614040567285,0.59561618173925,0.621380075705361,0.605079462815926,0.604257605954765,0.593116461092989,0.00899785882803494,-0.0167660351380764,-0.000465422248641323,0.000356434612519663,0.0114975794742953,0.439471706391817,0.165142334175468
"Channel-billed Cuckoo",0.442689143063819,0.462672061586255,0.463189816852525,0.440592293538499,0.444899390973103,0.443001290230991,-0.0199829185224353,-0.0205006737887061,0.0020968495253198,-0.00221024790928348,-0.000312147167171539,0.403238108541747,0.0394510345220727
"Scaly-breasted Lorikeet",0.43487028251428,0.446880925265593,0.467793734154628,0.418449325680808,0.441047665221875,0.435390340220677,-0.0120106427513132,-0.0329234516403486,0.0164209568334721,-0.00617738270759544,-0.000520057706397181,0.232963231496281,0.201907051017998
"Tree Martin",0.162137077649663,0.128028047666827,0.21257507981711,0.153326881761294,0.196032313043323,0.177794119659622,0.0341090299828355,-0.0504380021674468,0.00881019588836859,-0.0338952353936601,-0.0156570420099593,0.00696058044477348,0.15517649720489
"Black-shouldered Kite",0.0634028722990678,0.214411512074918,0.249073951473821,0.0690338634145782,0.066175722184302,0.0560119424899439,-0.15100863977585,-0.185671079174753,-0.00563099111551041,-0.00277284988523414,0.00739092980912391,0.0196456431890607,0.0437572291100072
"White-winged Chough",0.598136040125468,0.609220008117002,0.636979236353845,0.590832044668785,0.597909084168452,0.579970840458336,-0.011083967991534,-0.0388431962283772,0.00730399545668303,0.000226955957015718,0.0181651996671313,0.396173715774101,0.201962324351366
"Golden-headed Cisticola",0.335354506762849,0.575838841722719,0.595258754412768,0.372213004505187,0.357504686702592,0.348210460658084,-0.24048433495987,-0.259904247649919,-0.0368584977423376,-0.0221501799397431,-0.0128559538952347,0.301946387859679,0.0334081189031703
"Little Raven",0.51588168163999,0.550520803441598,0.550295746833365,0.512456525508608,0.508415637297493,0.51033259907705,-0.0346391218016079,-0.0344140651933741,0.00342515613138261,0.0074660443424972,0.00554908256294095,0.382123012487215,0.133758669152776
"White-cheeked Honeyeater",0.527823646733965,0.492450325619266,0.518756838137348,0.519049974590392,0.520250261373063,0.530750277284571,0.0353733211146985,0.00906680859661735,0.0087736721435725,0.00757338536090213,-0.00292663055060638,0.330660814661093,0.197162832072872
"Brown Honeyeater",0.651187910667411,0.629413800866982,0.638681072378593,0.64846298202254,0.642575857481965,0.650844154343258,0.0217741098004289,0.0125068382888186,0.00272492864487106,0.00861205318544644,0.000343756324153399,0.400427631733094,0.250760278934317
"Wonga Pigeon",0.422116733091617,0.386998645844132,0.430356324797659,0.419162031380584,0.420049546677167,0.410875028016325,0.0351180872474851,-0.00823959170604283,0.00295470171103213,0.00206718641444975,0.0112417050752912,0.341944011801584,0.0801727212900322
"Musk Lorikeet",0.343489607587089,0.358816327079821,0.378790614599236,0.355560860548921,0.331113857035031,0.35251369862652,-0.0153267194927325,-0.0353010070121476,-0.0120712529618323,0.0123757505520574,-0.00902409103943153,0.234128639925974,0.109360967661115
"Brown Cuckoo-Dove",0.483332827373961,0.454966287485457,0.483922867000038,0.479245630828848,0.482266871435254,0.474064826608822,0.0283665398885039,-0.000590039626077121,0.0040871965451133,0.00106595593870706,0.00926800076513912,0.417071126228441,0.0818581101567218
"Bell Miner",0.517297228029129,0.489395216408618,0.551934275656738,0.524119187250873,0.526147449235742,0.506817421694432,0.0279020116205108,-0.0346370476276087,-0.00682195922174356,-0.00885022120661283,0.0104798063346968,0.283791172944785,0.233506055084344
"Dollarbird",0.455404300743645,0.461509150091534,0.47737330376358,0.45160185659885,0.448773860457285,0.457466314410676,-0.00610484934788863,-0.0219690030199352,0.00380244414479491,0.00663044028636051,-0.00206201366703118,0.415278516885867,0.0401257838577779
"Australian Brushturkey",0.477116558267437,0.481362124040484,0.512823948711582,0.46719077901043,0.461966681228106,0.466195331361981,-0.00424556577304741,-0.0357073904441452,0.00992577925700705,0.0151498770393306,0.0109212269054561,0.305757898071067,0.17135866019637
"Mistletoebird",0.286602010319481,0.28321009250289,0.303804228786344,0.288634401303164,0.283543951735082,0.287289455379738,0.00339191781659126,-0.0172022184668625,-0.00203239098368291,0.00305805858439884,-0.000687445060257197,0.245017980867977,0.0415840294515044
"Blue-faced Honeyeater",0.489302299271903,0.484120811592622,0.498873692582012,0.493221011953783,0.491700169551378,0.484821501970597,0.00518148767928084,-0.00957139331010937,-0.00391871268187977,-0.00239787027947486,0.00448079730130624,0.174527876060329,0.314774423211574
"Whistling Kite",0.446864210276131,0.471532948628711,0.487424202077062,0.440778580328991,0.445570862051248,0.449184250507721,-0.0246687383525795,-0.0405599918009306,0.00608562994713963,0.00129334822488347,-0.00232004023159033,0.273409775421014,0.173454434855117
"Nankeen Kestrel",0.243817957603973,0.268380872274309,0.290074989406462,0.23926592155181,0.243144505949614,0.223968753144465,-0.0245629146703366,-0.0462570318024889,0.00455203605216306,0.000673451654358281,0.0198492044595072,0.191591470056584,0.0522264875473888
"Scarlet Myzomela",0.298553511930454,0.290042632878715,0.284404026692059,0.301922575889457,0.296404863164907,0.295736388437133,0.00851087905173936,0.0141494852383952,-0.00336906395900355,0.00214864876554688,0.00281712349332064,0.196139580636221,0.102413931294233
"Red-whiskered Bulbul",0.611620826511045,0.601494747544639,0.62787003343999,0.610668829444232,0.605557786247064,0.603749719728678,0.0101260789664066,-0.0162492069289449,0.000951997066813259,0.00606304026398152,0.00787110678236724,0.418247520658586,0.193373305852459
"White-bellied Sea-Eagle",0.328997208740319,0.356573042539442,0.364141479249518,0.326464181923766,0.330567177278492,0.331539855290387,-0.0275758337991227,-0.035144270509199,0.00253302681655265,-0.00156996853817348,-0.00254264655006847,0.193449867612127,0.135547341128192
"Yellow-rumped Thornbill",0.587411908738645,0.612242968269378,0.616003429285278,0.581276707490128,0.59201719213755,0.58974348606884,-0.0248310595307327,-0.0285915205466332,0.00613520124851674,-0.00460528339890476,-0.00233157733019485,0.456122431146253,0.131289477592392
"Variegated Fairywren",0.322678013993743,0.32226324838346,0.332707439738522,0.320339089114564,0.323567120959442,0.320161124645501,0.000414765610282863,-0.0100294257447793,0.00233892487917919,-0.000889106965698827,0.0025168893482424,0.232960409193264,0.0897176048004787
"Fan-tailed Cuckoo",0.254939877721783,0.260609214621005,0.259958229118247,0.25397806995462,0.255405496241485,0.254499396612149,-0.00566933689922222,-0.00501835139646467,0.000961807767162093,-0.000465618519702449,0.000440481109633073,0.201183581918003,0.0537562958037798
"Australian Reed Warbler",0.650142744193456,0.66143431060858,0.694597682108862,0.628043533886579,0.643098909028486,0.648342206585026,-0.0112915664151244,-0.0444549379154063,0.0220992103068764,0.00704383516496976,0.00180053760842946,0.535643356460132,0.114499387733324
"Striated Thornbill",0.342557208461977,0.338154996805454,0.351849710862818,0.34112815091195,0.330867936311473,0.336768772582855,0.00440221165652299,-0.00929250240084051,0.0014290575500267,0.0116892721505036,0.00578843587912209,0.179309990621229,0.163247217840748
"House Sparrow",0.419802144125764,0.459468100361768,0.467590247511316,0.425260122813728,0.446994135476318,0.432868999644935,-0.0396659562360042,-0.0477881033855519,-0.00545797868796405,-0.0271919913505541,-0.0130668555191716,0.335461110418774,0.0843410337069895
"Eurasian Blackbird",0.462148603190958,0.422953286334298,0.46276547322732,0.451852816941757,0.461104184737652,0.457392558549269,0.0391953168566598,-0.000616870036362183,0.0102957862492006,0.001044418453306,0.00475604464168872,0.286934551778986,0.175214051411972
"Bar-shouldered Dove",0.455873070652197,0.412643678772794,0.462699491534882,0.454363001200573,0.462334677924017,0.455639379527029,0.0432293918794033,-0.00682642088268504,0.0015100694516243,-0.0064616072718196,0.000233691125168078,0.271662400495842,0.184210670156356
"Brown Gerygone",0.495308067043318,0.45631656356486,0.514486856565961,0.482178960448443,0.476547240733701,0.489880552014877,0.0389915034784583,-0.0191787895226425,0.0131291065948748,0.018760826309617,0.00542751502844074,0.38346497363438,0.111843093408938
"Torresian Crow",0.678478976919853,0.723098488975645,0.728824958297728,0.682473120503333,0.675628742360081,0.677175543948441,-0.0446195120557921,-0.0503459813778746,-0.0039941435834796,0.00285023455977229,0.00130343297141189,0.431516964410308,0.246962012509545
"Striated Pardalote",0.463787552482645,0.491779927191287,0.493206929378732,0.463274697645716,0.46084367325344,0.464323022979237,-0.0279923747086417,-0.0294193768960868,0.000512854836928811,0.00294387922920469,-0.000535470496591639,0.310580216737167,0.153207335745478
"Pacific Koel",0.430737999716584,0.423660183331094,0.438128469223383,0.424397295882124,0.427497275143727,0.428427391393137,0.00707781638548954,-0.00739046950679895,0.00634070383445956,0.0032407245728569,0.00231060832344737,0.380573633091904,0.0501643666246799
"Red-rumped Parrot",0.539811950138724,0.570098053675546,0.580677724791197,0.542724754820198,0.531950221177725,0.53382948773685,-0.0302861035368228,-0.0408657746524738,-0.00291280468147392,0.0078617289609989,0.00598246240187372,0.420759019157796,0.119052930980928
"Yellow-tailed Black-Cockatoo",0.182840679888014,0.180274794013581,0.187099363508489,0.180779915807216,0.185860003368955,0.177120263663531,0.00256588587443229,-0.00425868362047546,0.00206076408079781,-0.00301932348094103,0.00572041622448224,0.140789609757925,0.0420510701300887
"Sacred Kingfisher",0.399221479685516,0.392750360088213,0.407073924776445,0.394044532782509,0.395783387412052,0.391410470459201,0.00647111959730251,-0.00785244509092964,0.00517694690300624,0.00343809227346359,0.00781100922631439,0.35650783163822,0.0427136480472951
"Olive-backed Oriole",0.312729224681425,0.310582884823569,0.325619379644244,0.309654911076884,0.309041428458946,0.305164203056651,0.00214633985785623,-0.0128901549628186,0.00307431360454097,0.00368779622247956,0.00756502162477468,0.260847900484741,0.0518813241966845
"New Holland Honeyeater",0.669751991286192,0.60595918113827,0.6850644850485,0.660004686230241,0.664570824078366,0.651854173834092,0.063792810147922,-0.0153124937623087,0.00974730505595101,0.00518116720782535,0.0178978174521,0.450148273601102,0.21960371768509
"White-plumed Honeyeater",0.742458148438948,0.753179673515681,0.741673682033559,0.740613571898786,0.738209207565587,0.741763638269466,-0.0107215250767337,0.000784466405388207,0.0018445765401619,0.0042489408733607,0.000694510169481743,0.579827821126814,0.162630327312134
"Australasian Figbird",0.415490184383555,0.389627717111202,0.45463481085089,0.402016355057687,0.403971118488502,0.402905199741732,0.0258624672723525,-0.0391446264673351,0.0134738293258677,0.0115190658950528,0.0125849846418228,0.258977261771401,0.156512922612153
"Pied Butcherbird",0.444477905421965,0.454717654222324,0.460818967639277,0.441197987092114,0.446118438029258,0.442292336983001,-0.0102397488003593,-0.0163410622173128,0.0032799183298507,-0.00164053260729391,0.00218556843896373,0.229980216311214,0.21449768911075
"Rock Pigeon",0.551476701887126,0.5336805168711,0.528265438414696,0.553676089942181,0.524990138570281,0.559107803586088,0.0177961850160261,0.0232112634724309,-0.00219938805505504,0.0264865633168453,-0.00763110169896164,0.0626025118680782,0.488874190019048
"Yellow Thornbill",0.310478844257569,0.302701090929552,0.314393323504116,0.307636187860348,0.302600902137845,0.31144780002284,0.00777775332801661,-0.00391447924654692,0.00284265639722064,0.00787794211972326,-0.000968955765270896,0.234583424304588,0.0758954199529803
"Noisy Friarbird",0.380782308694228,0.375930913077754,0.38762085730718,0.369279446716117,0.380966980704945,0.379800694733323,0.00485139561647402,-0.00683854861295191,0.0115028619781108,-0.000184672010716258,0.000981613960905015,0.169571547600986,0.211210761093242
"Rufous Whistler",0.485644492869457,0.490629220349505,0.513070715738155,0.4771059242091,0.485466637722046,0.482726805719785,-0.00498472748004758,-0.0274262228686974,0.00853856866035774,0.000177855147411532,0.00291768714967244,0.379401643895601,0.106242848973856
"Satin Bowerbird",0.369660914815225,0.349086984899599,0.32380155753193,0.357861239287145,0.364618207164885,0.373832627655324,0.0205739299156259,0.0458593572832949,0.0117996755280807,0.00504270765034004,-0.00417171284009843,0.235665638689809,0.130624659798027
"Australian King-Parrot",0.261515520812447,0.24972304051451,0.27208392192837,0.256854430855032,0.254014334644679,0.257513257687823,0.0117924802979366,-0.0105684011159237,0.00466108995741454,0.0075011861677674,0.00400226312462404,0.183047796858698,0.0784677239537492
"Little Corella",0.234837043601072,0.215398457843019,0.240349235934441,0.234828983415168,0.230833146809831,0.236048883420809,0.0194385857580535,-0.0055121923333688,8.06018590476798e-06,0.00400389679124144,-0.00121183981973669,0.0799386161342255,0.154898427466847
"Spotted Pardalote",0.350272066655454,0.363428595663162,0.373043934091173,0.344345974073508,0.349318499358746,0.349536202960744,-0.0131565290077078,-0.0227718674357196,0.00592609258194532,0.000953567296708147,0.000735863694709626,0.281149141460056,0.069122925195398
"Spotted Dove",0.461398138119684,0.439995465852809,0.466820909596561,0.457522920023163,0.456709636704226,0.458868818873993,0.0214026722668749,-0.00542277147687648,0.00387521809652103,0.00468850141545774,0.00252931924569083,0.325947575313918,0.135450562805766
"White-throated Treecreeper",0.437910050676604,0.433870990113993,0.440413233259843,0.436452597871966,0.434115772470988,0.433241377784118,0.00403906056261133,-0.00250318258323856,0.00145745280463799,0.00379427820561629,0.00466867289248624,0.225130375113882,0.212779675562723
"Golden Whistler",0.346701322143593,0.351159178920144,0.362818673914583,0.342275556451798,0.343605562450583,0.344945083518295,-0.00445785677655047,-0.0161173517709897,0.00442576569179515,0.00309575969301029,0.00175623862529889,0.294332356212759,0.0523689659308345
"White-browed Scrubwren",0.324420296870436,0.316710192282509,0.330218143786871,0.322418699839191,0.32479359610427,0.320452892110271,0.00771010458792687,-0.00579784691643492,0.00200159703124519,-0.000373299233834334,0.00396740476016466,0.232826747962147,0.0915935489082886
"Gray Shrikethrush",0.377095292747234,0.38898040981858,0.392189277182432,0.377551363689054,0.37565935443814,0.376175814548753,-0.0118851170713452,-0.0150939844351975,-0.000456070941819542,0.00143593830909466,0.00091947819848115,0.275988401652829,0.101106891094405
"Eastern Spinebill",0.323843518769137,0.337647778787941,0.337877655202282,0.328228207744269,0.320839413875916,0.321714848184709,-0.0138042600188043,-0.0140341364331446,-0.0043846889751315,0.00300410489322084,0.00212867058442789,0.233634195202242,0.0902093235668955
"Eastern Rosella",0.405693584824629,0.37373471524317,0.408277800504551,0.394620305479024,0.394897059294926,0.392709655118576,0.0319588695814587,-0.00258421567992217,0.0110732793456051,0.0107965255297027,0.012983929706053,0.298341578530813,0.107352006293816
"Silvereye",0.202185979355624,0.1934054548128,0.210674225962599,0.199891034135289,0.202174766363484,0.195305967939381,0.00878052454282477,-0.00848824660697425,0.00229494522033499,1.12129921406023e-05,0.00688001141624375,0.171567098813774,0.0306188805418501
"Little Wattlebird",0.449301505136436,0.435274357300076,0.464015005395013,0.448474062348937,0.443532677456985,0.441675507741964,0.0140271478363609,-0.0147135002585768,0.000827442787499078,0.00576882767945108,0.00762599739447262,0.320775990182162,0.128525514954275
"Brown Thornbill",0.303260359663203,0.316129353328455,0.324868279153206,0.294376004230138,0.299426694764947,0.300138400311537,-0.0128689936652519,-0.0216079194900023,0.00888435543306587,0.00383366489825615,0.00312195935166609,0.184292251168702,0.118968108494501
"Yellow-faced Honeyeater",0.353492244010498,0.359246474588215,0.359592142431569,0.349485749392433,0.353269897495404,0.350767609395892,-0.00575423057771735,-0.00609989842107084,0.00400649461806524,0.000222346515094229,0.00272463461460548,0.238822891897408,0.11466935211309
"Black-faced Cuckooshrike",0.216532652958024,0.213570935768921,0.224443606113675,0.21184332017415,0.21288704640908,0.212837950462308,0.00296171718910332,-0.00791095315565071,0.00468933278387396,0.00364560654894372,0.00369470249571549,0.196782196452186,0.0197504565058377
"Crimson Rosella",0.448593734936424,0.457656821160248,0.476255796433506,0.446388632172348,0.443333891681663,0.442485143278066,-0.00906308622382407,-0.0276620614970818,0.00220510276407543,0.00525984325476081,0.00610859165835753,0.160006860964488,0.288586873971936
"Eastern Whipbird",0.390094688247486,0.395132889379198,0.406152962448724,0.389467708024662,0.387886519611928,0.387788493563908,-0.00503820113171133,-0.0160582742012378,0.000626980222824869,0.00220816863555839,0.00230619468357807,0.306814256955823,0.0832804312916632
"Eastern Yellow Robin",0.371354339185595,0.372893152809947,0.386753467543828,0.370488457394824,0.371511061970371,0.370478850018625,-0.00153881362435221,-0.015399128358233,0.00086588179077085,-0.000156722784775964,0.000875489166970667,0.268768865529476,0.102585473656119
"Lewin's Honeyeater",0.510466511607825,0.521481535795733,0.546943612202726,0.505388040683181,0.506464352759105,0.508152275213059,-0.0110150241879076,-0.0364771005949014,0.00507847092464364,0.00400215884872013,0.00231423639476636,0.372923036912857,0.137543474694968
"Red Wattlebird",0.346875675984241,0.34852547094704,0.36425740776875,0.34179611017008,0.345704527915617,0.333850685799616,-0.00164979496279949,-0.017381731784509,0.00507956581416102,0.0011711480686239,0.0130249901846247,0.220811850263224,0.126063825721017
"Crested Pigeon",0.316711518434821,0.271639208896408,0.297919121474118,0.308137928514458,0.308692091014062,0.313802104893536,0.0450723095384138,0.0187923969607033,0.00857358992036339,0.00801942742075928,0.00290941354128571,0.211042600879049,0.105668917555772
"Gray Butcherbird",0.251108031714378,0.243740804437735,0.255059609356524,0.245145537048336,0.244285049522642,0.246223013055893,0.00736722727664355,-0.00395157764214554,0.00596249466604271,0.00682298219173613,0.00488501865848551,0.179548753472301,0.0715592782420777
"Galah",0.343092021356306,0.329134839137546,0.354869758837421,0.33494753283726,0.341373305534024,0.335775676865644,0.0139571822187594,-0.0117777374811157,0.00814448851904614,0.001718715822282,0.00731634449066204,0.221099649518841,0.121992371837465
"Gray Fantail",0.302663454042892,0.304172690488089,0.309568984644568,0.297488085978576,0.301272779642721,0.301170576536664,-0.00150923644519718,-0.00690553060167592,0.00517536806431607,0.00139067440017054,0.00149287750622751,0.228777311709057,0.0738861423338351
"Sulphur-crested Cockatoo",0.337186021783082,0.301409279304532,0.346466810607935,0.326827032885922,0.326916276196795,0.322230376864917,0.0357767424785495,-0.00928078882485378,0.0103589888971602,0.0102697455862871,0.0149556449181646,0.17092550186639,0.166260519916692
"Pied Currawong",0.212102143904224,0.221305941552795,0.231671316873378,0.210833095754021,0.209920974333843,0.211259481082514,-0.00920379764857113,-0.0195691729691547,0.00126904815020296,0.00218116957038006,0.000842662821709639,0.12516872561114,0.0869334182930832
"Laughing Kookaburra",0.178876908329938,0.164056405374931,0.19137113628542,0.174650030871405,0.171624789729506,0.169967433217432,0.0148205029550072,-0.0124942279554825,0.00422687745853315,0.00725211860043148,0.00890947511250537,0.141925135184832,0.0369517731451057
"Willie-wagtail",0.369299648743689,0.36234925494409,0.378141816096866,0.365019840821611,0.362774426516282,0.366367315724113,0.00695039379959889,-0.00884216735317672,0.00427980792207788,0.00652522222740687,0.00293233301957618,0.232376507001341,0.136923141742348
"Superb Fairywren",0.238192596409332,0.227084987049628,0.244198035199467,0.232652459917213,0.226571125832545,0.237262060596077,0.0111076093597038,-0.00600543879013507,0.00554013649211932,0.0116214705767872,0.000930535813255445,0.159183123177221,0.0790094732321115
"Australian Raven",0.293809603544101,0.289539389369361,0.297316190395584,0.292713025314466,0.29147529089646,0.289196682462991,0.00427021417473988,-0.0035065868514837,0.00109657822963505,0.00233431264764106,0.00461292108110928,0.164162823695152,0.129646779848948
"Welcome Swallow",0.223753399926727,0.235433795861357,0.257282862799768,0.218531378883176,0.226217981679484,0.223303911456612,-0.0116803959346304,-0.033529462873041,0.00522202104355082,-0.0024645817527576,0.000449488470115111,0.119265172965316,0.104488226961411
"Noisy Miner",0.309798084760122,0.276494003756498,0.321887074263201,0.302291512711486,0.303974156828853,0.294630485779967,0.0333040810036245,-0.0120889895030785,0.00750657204863675,0.00582392793126962,0.0151675989801553,0.17107117011563,0.138726914644493
"Magpie-lark",0.344311469557014,0.335005586437546,0.357127295620901,0.334093768979375,0.34213330442678,0.337358737795576,0.00930588311946789,-0.0128158260638866,0.0102177005776392,0.00217816513023394,0.00695273176143818,0.203041874058616,0.141269595498398
"Rainbow Lorikeet",0.347895063430911,0.346340014066319,0.355189197978564,0.339737028914369,0.345734263047953,0.346519394974537,0.00155504936459178,-0.00729413454765349,0.0081580345165424,0.00216080038295791,0.00137566845637427,0.186706834375948,0.161188229054963
"Australian Magpie",0.27181834799409,0.25673474132922,0.269164318437782,0.264468824100647,0.266658400582813,0.269330309966339,0.0150836066648698,0.002654029556308,0.00734952389344262,0.0051599474112769,0.00248803802775077,0.182246318815857,0.089572029178233
